PFK,PFL,PGI,PGK,PGL,ACALD,AKGt2r,PGM,PIt2r,ALCD2x,ACALDt,ACKr,PPC,ACONTa,ACONTb,ATPM,PPCK,ACt2r,PPS,ADK1,AKGDH,ATPS4r,PTAr,PYK,BIOMASS_Ecoli_core_w_GAM,PYRt2,CO2t,RPE,CS,RPI,SUCCt2_2,CYTBD,D_LACt2,ENO,SUCCt3,ETOHt2r,SUCDi,SUCOAS,TALA,THD2,TKT1,TKT2,TPI,EX_ac_e,EX_acald_e,EX_akg_e,EX_co2_e,EX_etoh_e,EX_for_e,EX_fru_e,EX_fum_e,EX_glc__D_e,EX_gln__L_e,EX_glu__L_e,EX_h_e,EX_h2o_e,EX_lac__D_e,EX_mal__L_e,EX_nh4_e,EX_o2_e,EX_pi_e,EX_pyr_e,EX_succ_e,FBA,FBP,FORt2,FORt,FRD7,FRUpts2,FUM,FUMt2_2,G6PDH2r,GAPD,GLCpts,GLNS,GLNabc,GLUDy,GLUN,GLUSy,GLUt2r,GND,H2Ot,ICDHyr,ICL,LDH_D,MALS,MALt2_2,MDH,ME1,ME2,NADH16,NADTRHD,NH4t,O2t,PDH
7.477381962160284,0.0,4.860861146496816,-16.023526143167604,4.959984944574655,0.0,0.0,-14.716139568742832,3.2148950476847684,0.0,0.0,0.0,2.5043094703687334,6.007249575350331,6.007249575350331,8.39,0.0,0.0,0.0,0.0,5.064375661482091,45.51400977451745,0.0,1.7581774441067832,0.8739215069684302,0.0,-22.809833310204958,2.67848185050753,6.007249575350331,-2.2815030940671264,0.0,43.59898531199751,0.0,14.716139568742832,0.0,0.0,5.064375661482091,-5.064375661482091,1.4969837572615665,0.0,1.4969837572615665,1.181498093245963,7.477381962160284,0.0,0.0,0.0,22.809833310204958,0.0,0.0,0.0,0.0,-10.0,0.0,0.0,17.53086542978673,29.175827135565793,0.0,0.0,-4.765319193197455,-21.799492655998755,-3.2148950476847684,0.0,0.0,7.477381962160284,0.0,0.0,0.0,0.0,0.0,5.064375661482091,0.0,4.959984944574655,16.023526143167604,10.0,0.2234617293318276,0.0,-4.541857463865628,0.0,0.0,0.0,4.959984944574655,-29.175827135565793,6.007249575350331,0.0,0.0,0.0,0.0,5.064375661482091,0.0,0.0,38.53460965051542,0.0,4.765319193197455,21.799492655998755,9.282532599166615
