objective_value,ACALD,ACALDt,ACKr,ACONTa,ACONTb,ACt2r,ADK1,AKGDH,AKGt2r,ALCD2x,ATPM,ATPS4r,Biomass_Ecoli_core,CO2t,CS,CYTBD,D_LACt2,ENO,ETOHt2r,EX_ac_e,EX_acald_e,EX_akg_e,EX_co2_e,EX_etoh_e,EX_for_e,EX_fru_e,EX_fum_e,EX_glc__D_e,EX_gln__L_e,EX_glu__L_e,EX_h_e,EX_h2o_e,EX_lac__D_e,EX_mal__L_e,EX_nh4_e,EX_o2_e,EX_pi_e,EX_pyr_e,EX_succ_e,FBA,FBP,FORt2,FORti,FRD7,FRUpts2,FUM,FUMt2_2,G6PDH2r,GAPD,GLCpts,GLNS,GLNabc,GLUDy,GLUN,GLUSy,GLUt2r,GND,H2Ot,ICDHyr,ICL,LDH_D,MALS,MALt2_2,MDH,ME1,ME2,NADH16,NADTRHD,NH4t,O2t,PDH,PFK,PFL,PGI,PGK,PGL,PGM,PIt2r,PPC,PPCK,PPS,PTAr,PYK,PYRt2,RPE,RPI,SUCCt2_2,SUCCt3,SUCDi,SUCOAS,TALA,THD2,TKT1,TKT2,TPI
0.8739215069684305,0.0,0.0,0.0,6.007249575350327,6.007249575350327,0.0,0.0,5.064375661482088,0.0,0.0,8.39,45.514009774517476,0.8739215069684305,-22.809833310204954,6.007249575350327,43.5989853119975,0.0,14.716139568742829,0.0,0.0,0.0,0.0,22.809833310204954,0.0,0.0,0.0,0.0,-10.0,0.0,0.0,17.530865429786573,29.17582713556579,0.0,0.0,-4.765319193197457,-21.79949265599875,-3.2148950476847737,0.0,0.0,7.477381962160284,0.0,0.0,0.0,0.0,0.0,5.064375661482088,0.0,4.95998494457466,16.0235261431676,10.0,0.22346172933182767,0.0,-4.54185746386563,0.0,0.0,0.0,4.95998494457466,-29.17582713556579,6.007249575350327,0.0,0.0,0.0,0.0,5.064375661482088,0.0,0.0,38.534609650515414,0.0,4.765319193197457,21.79949265599875,9.282532599166611,7.477381962160284,0.0,4.860861146496812,-16.0235261431676,4.95998494457466,-14.716139568742829,3.2148950476847737,2.504309470368735,0.0,0.0,0.0,1.7581774441067815,0.0,2.6784818505075316,-2.2815030940671277,0.0,0.0,5.064375661482088,-5.064375661482088,1.4969837572615676,0.0,1.4969837572615676,1.1814980932459642,7.477381962160284
